"track_name","released_year","in_spotify_playlists","in_spotify_charts","streams","in_apple_playlists","in_apple_charts","bpm","mode","energy","instrumentalness","liveness","speechiness"
"Seven (feat. Latto) (Explicit Ver.)",2023,553,"147",141381703,43,263,125,"Major",83,0,8,4
"LALA",2023,1474,"48",133716286,48,126,92,"Major",74,0,10,4
"vampire",2023,1397,"113",140003974,94,207,138,"Major",53,0,31,6
"Cruel Summer",2019,7858,"-",800840817,116,207,170,"Major",72,0,11,15
"WHERE SHE GOES",2023,3133,"50",303236322,84,133,144,"Minor",80,63,11,6
"Sprinter",2023,2186,"91",183706234,67,213,141,"Major",58,0,8,24
"Ella Baila Sola",2023,3090,"50",725980112,34,222,148,"Minor",76,0,8,3
"Columbia",2023,714,"43",58149378,25,89,100,"Major",71,0,11,4
"fukumean",2023,1096,"83",95217315,60,210,130,"Minor",62,0,28,9
"La Bebe - Remix",2023,2953,"44",553634067,49,NA,170,"Minor",48,0,8,33
"un x100to",2023,2876,"40",505671438,41,205,83,"Minor",72,0,27,5
"Super Shy",2023,422,NA,58255150,37,202,150,"Minor",82,0,15,7
"Flowers",2023,12211,"115",1316855716,300,215,118,"Major",68,0,3,7
"Daylight",2023,3528,"98",387570742,80,156,130,"Minor",43,0,9,3
"As It Was",2022,23575,"130",2513188493,403,NA,174,"Minor",73,0,31,6
"Kill Bill",2022,8109,"77",1163093654,183,162,89,"Major",73,17,16,4
"Cupid - Twin Ver.",2023,2942,"77",496795686,91,212,120,"Minor",59,0,34,3
"What Was I Made For? [From The Motion Picture ""Barbie""]",2023,873,"104",30546883,80,227,78,"Major",9,0,10,3
"Classy 101",2023,2610,"40",335222234,43,100,100,"Major",66,0,12,16
"Like Crazy",2023,596,"68",363369738,8,104,120,"Major",73,0,36,4
"LADY GAGA",2023,332,"26",86444842,11,163,140,"Minor",74,0,42,4
"I Can See You (Taylors Version) (From The ",2023,516,"38",52135248,73,119,123,"Major",76,0,6,3
"I Wanna Be Yours",2013,12859,"110",1297026226,24,98,135,"Minor",42,2,11,3
"Peso Pluma: Bzrp Music Sessions, Vol. 55",2023,1313,"40",200647221,17,152,133,"Minor",67,0,12,5
"Popular (with Playboi Carti & Madonna) - The Idol Vol. 1 (Music from the HBO Original Series)",2023,1945,"87",115364561,74,182,99,"Major",68,0,36,20
"SABOR FRESA",2023,250,"26",78300654,16,149,130,"Minor",86,0,9,9
"Calm Down (with Selena Gomez)",2022,7112,"77",899183384,202,119,107,"Major",80,0,14,4
"MOJABI GHOST",2023,859,"40",61245289,35,109,122,"Minor",71,0,56,4
"Last Night",2023,2420,"19",429829812,52,107,204,"Major",68,0,15,4
"Dance The Night (From Barbie The Album)",2023,2988,"101",127408954,0,0,110,"Minor",85,0,33,5
"Rush",2023,864,"78",22581161,71,135,126,"Minor",84,0,11,6
"TULUM",2023,266,"34",52294266,20,185,168,"Major",87,0,11,5
"Creepin'",2022,6036,"88",843957510,113,149,98,"Minor",61,0,8,5
"Anti-Hero",2022,9082,"56",999748277,242,142,97,"Major",63,0,19,5
"TQG",2023,4284,"49",618990393,115,123,180,"Minor",63,0,9,28
"Los del Espacio",2023,1150,"31",123122413,22,33,120,"Major",68,0,11,4
"Frgil (feat. Grupo Front",2023,672,"34",188933502,19,108,150,"Major",73,0,11,3
"Blank Space",2014,11434,"53",1355959075,154,123,96,"Major",68,0,13,6
"Style",2014,7830,"42",786181836,94,111,95,"Major",79,0,12,4
"TQM",2023,584,"28",176553476,16,159,125,"Minor",85,0,11,6
"El Azul",2023,692,"25",354495408,10,107,144,"Minor",65,0,10,6
"Sunflower - Spider-Man: Into the Spider-Verse",2018,24094,"78",2808096550,372,117,90,"Major",50,0,7,5
"I'm Good (Blue)",2022,12482,"80",1109433169,291,184,128,"Minor",97,0,35,4
"See You Again",2017,13387,"64",1047101291,77,58,79,"Major",56,0,11,10
"Barbie World (with Aqua) [From Barbie The Album]",2023,1117,"80",65156199,82,145,144,"Major",58,0,23,25
"Angels Like You",2020,3372,"19",570515054,65,48,122,"Major",64,0,10,3
"I Ain't Worried",2022,8431,"76",1085685420,241,127,140,"Major",81,0,6,5
"Die For You",2016,2483,"59",1647990401,68,21,134,"Minor",52,0,15,7
"Starboy",2016,29536,"79",2565529693,281,137,186,"Major",59,0,13,28
"Die For You - Remix",2023,3408,"47",518745108,87,86,67,"Minor",53,0,44,7
"El Cielo",2023,1298,"38",107753850,44,64,106,"Minor",64,0,10,5
"Baby Don't Hurt Me",2023,4277,"66",177740666,145,111,128,"Major",91,0,12,3
"AMARGURA",2023,1133,"39",153372011,14,71,107,"Minor",70,0,15,7
"(It Goes Like) Nanana - Edit",2023,2259,"59",57876440,0,0,130,"Minor",88,19,8,4
"Another Love",2012,18371,"83",1813673666,250,122,123,"Minor",54,0,9,4
"Blinding Lights",2019,43899,"69",3703895074,672,199,171,"Major",80,0,9,7
"Moonlight",2023,2649,"42",256483385,67,79,137,"Minor",72,0,17,5
"La Bachata",2022,6804,"45",1214083358,139,111,125,"Minor",68,0,22,4
"S91",2023,525,"41",16011326,34,115,128,"Minor",72,0,9,19
"cardigan",2020,7923,"29",812019557,106,112,130,"Minor",58,0,27,4
"Too",2023,731,"15",111947664,27,17,130,"Major",96,1,9,5
"Boy's a liar Pt. 2",2023,5184,"41",156338624,154,84,133,"Major",81,0,25,5
"Left and Right (Feat. Jung Kook of BTS)",2022,3107,"39",720434240,38,0,101,"Major",59,0,9,3
"BESO",2023,4053,"50",357925728,82,121,95,"Minor",64,0,17,14
"Hey Mor",2022,4637,"38",674072710,63,79,98,"Minor",59,0,10,29
"Yellow",1999,31358,"43",1755214421,196,2,173,"Major",66,0,23,3
"Karma",2022,3818,"23",404562836,37,55,90,"Major",62,0,48,7
"People",2022,3506,"56",373199958,105,64,198,"Minor",42,0,10,7
"Overdrive",2023,410,"36",14780425,36,32,140,"Major",73,0,35,4
"Enchanted (Taylor's Version)",2023,148,"24",39578178,32,93,82,"Major",53,0,15,3
"BABY HELLO",2023,1004,"35",54266102,42,80,130,"Minor",89,0,43,5
"Heat Waves",2020,22543,"63",2557975762,386,144,81,"Major",53,0,9,9
"golden hour",2022,4511,"36",751134527,70,58,94,"Minor",59,18,25,3
"Sweater Weather",2012,16413,"61",2282771485,166,87,124,"Major",81,2,10,3
"Quevedo: Bzrp Music Sessions, Vol. 52",2022,8506,"45",1356565093,94,65,128,"Major",78,3,23,4
"Viva La Vida",2008,33898,"62",1592909789,233,0,138,"Minor",62,0,11,3
"Here With Me",2022,3246,"23",635412045,94,85,132,"Major",48,0,12,3
"Unholy (feat. Kim Petras)",2022,8576,"42",1230675890,216,108,131,"Major",47,0,27,9
"Yandel 150",2022,3618,"38",585695368,47,74,168,"Minor",73,0,10,7
"CORAZoN VA",2023,370,"20",43857627,12,16,98,"Major",79,0,30,6
"Riptide",1975,31123,"55",2009094673,300,65,102,"Major",73,0,15,4
"Until I Found You (with Em Beihold) - Em Beihold Version",2022,2790,"30",600976848,60,96,101,"Major",57,0,20,3
"Novidade na",2023,267,"9",39709092,9,6,130,"Major",34,0,35,9
"Back To December (Taylor's Version)",2023,139,"17",39228929,16,72,142,"Major",64,0,12,3
"STAY (with Justin Bieber)",2021,17050,"36",2665343922,492,99,170,"Major",76,0,10,5
"El Merengue",2023,2114,"44",223633238,80,75,124,"Minor",68,1,11,4
"Someone You Loved",2018,17836,"53",2887241814,440,125,110,"Major",41,0,11,3
"Me Porto Bonito",2022,8870,"43",1440757818,104,120,92,"Minor",71,0,9,8
"Makeba",2015,6060,"53",165484133,150,148,116,"Major",66,51,25,7
"MONTAGEM - FR PUNK",2012,641,"50",58054811,1,52,129,"Major",82,8,9,7
"Fast Car",2023,1446,"12",157058870,57,97,98,"Major",60,0,12,3
"What It Is (Solo Version)",2023,804,"25",95131998,29,76,172,"Minor",76,0,10,9
"Coco Chanel",2023,1962,"38",250305248,28,89,150,"Major",76,0,10,4
"Dont Bl",2017,4875,"23",685032533,19,45,136,"Minor",53,0,6,4
"Still With You",2020,31,"39",38411956,2,107,88,"Minor",47,0,83,4
"All My Life (feat. J. Cole)",2023,2175,"23",144565150,69,145,143,"Major",44,0,10,33
"Say Yes To Heaven",2023,2000,"46",127567540,49,105,100,"Minor",35,9,11,3
"Snooze",2022,2839,"25",399686758,58,156,143,"Major",55,0,11,13
"Summertime Sadness",2011,20333,"52",983637508,89,143,112,"Minor",66,0,12,3
"Take Two",2023,674,"47",118482347,20,106,93,"Major",59,0,38,3
"Lover",2012,8448,"23",882831184,160,110,206,"Major",55,0,15,10
"Too Many Nights (feat. Don Toliver & with Future)",2022,2110,"58",286400165,17,119,88,"Minor",71,0,11,5
"Chemical",2023,2528,"39",172825906,56,91,170,"Major",90,0,12,5
"Mockingbird",2004,12985,"61",1241559043,49,98,84,"Minor",67,0,13,28
"New Jeans",2023,77,"35",29562220,8,166,134,"Minor",72,0,12,5
"Primera Cita",2022,266,"27",77309611,6,40,158,"Major",40,0,10,6
"Cold Heart - PNAU Remix",2017,21097,"52",1605224506,384,135,116,"Major",80,0,10,3
"Dandelions",2017,3423,"21",1116995633,41,100,117,"Major",69,0,9,3
"Bones",2021,4198,"44",838079900,98,108,114,"Minor",72,0,7,5
"Set Fire to the Rain",2011,14739,"43",1163620694,88,112,108,"Minor",68,0,13,3
"Money Trees",2012,26792,"32",1093605526,69,113,144,"Minor",53,0,21,10
"Tak Segampang Itu",2022,213,"6",179659294,7,6,130,"Major",44,0,11,3
"LAGUNAS",2023,58,"18",39058561,2,106,116,"Major",62,1,15,3
"Mine (Taylor's Version)",2023,99,"15",36912123,21,52,121,"Major",78,0,17,4
"Everybody Wants To Rule The World",1985,41751,"25",1205951614,101,32,112,"Major",81,0,11,6
"No Role Modelz",2014,21164,"36",1791000570,80,65,100,"Minor",52,0,6,33
"Tattoo",2023,2988,"59",201660859,74,102,150,"Minor",78,0,12,8
"Rara Vez",2023,893,"38",248088961,19,23,120,"Minor",71,0,34,17
"VAGABUNDO",2023,1094,"34",90839753,40,58,127,"Minor",85,0,23,6
"august",2020,7324,"22",607123776,25,81,90,"Major",61,0,9,3
"LUNA",2023,201,"11",55842345,19,117,128,"Minor",63,0,15,4
"Miracle (with Ellie Goulding)",2023,5120,"48",211050784,161,115,143,"Major",87,4,8,4
"Nonsense",2022,2346,"27",342897938,69,12,139,"Major",68,0,26,4
"Que Vuelvas",2022,763,"26",2762,21,110,162,"Major",64,0,11,4
"Por las Noches",2021,457,"24",330346424,8,116,92,"Major",60,0,7,3
"Feliz Cumpleaos Fe",2022,3430,"38",601863821,45,69,95,"Major",55,0,29,7
"Can't Hold Us (feat. Ray Dalton)",2011,6074,"52",1953533826,201,44,146,"Major",93,0,10,8
"Watermelon Sugar",2019,21915,"34",2322580122,437,115,95,"Major",82,0,34,5
"lovely - Bonus Track",2017,15032,"30",2355719893,221,96,115,"Minor",30,0,10,3
"Rauw Alejandro: Bzrp Music Sessions, Vol. 56",2023,871,"32",66902503,25,59,128,"Major",65,0,26,5
"Queencard",2023,451,"33",96273746,10,126,130,"Minor",83,0,27,5
"OMG",2023,1783,"27",430977451,26,124,127,"Minor",77,0,11,4
"Radio",2011,9389,"46",284819874,24,122,150,"Major",86,0,9,9
"Shakira: Bzrp Music Sessions, Vol. 53",2023,5724,"44",721975598,119,108,122,"Minor",63,0,9,5
"505",2007,13985,"25",1217120710,30,80,140,"Major",85,0,7,5
"Calling (Spider-Man: Across the Spider-Verse) (Metro Boomin & Swae Lee, NAV, feat. A Boogie Wit da Hoodie)",2023,1051,"16",109276132,31,37,140,"Major",54,0,12,8
"Trance (with Travis Scott & Young Thug)",2022,1682,"46",276259178,24,90,119,"Minor",53,0,18,34
"Tere Vaaste (From ""Zara Hatke Zara Bachke"")",2023,182,"8",54225632,3,88,110,"Minor",72,0,9,4
"Perfect",2017,16596,"13",2559529074,7,0,95,"Major",45,0,11,2
"Romantic Homicide",2022,2335,"23",681583126,82,55,132,"Major",55,1,32,3
"Believer",2017,18986,"23",2594040133,250,121,125,"Minor",78,0,23,11
"Novo Balan",2023,283,"7",81102253,6,9,124,"Minor",50,0,13,6
"Gol Bolinha, Gol Quadrado 2",2023,293,"8",11956641,5,2,133,"Minor",65,0,12,25
"Without Me",2002,21081,"43",1687664027,98,76,112,"Major",66,0,36,9
"QUEMA",2023,437,"31",11599388,17,29,97,"Major",89,0,6,5
"Stargirl Interlude",2016,1275,"32",611700552,13,8,90,"Minor",48,5,10,11
"Ojitos Lindos",2022,6135,"38",1133865788,71,113,80,"Minor",69,0,53,4
"Somewhere Only We Know",2004,20015,"16",1089402494,107,69,172,"Major",59,0,8,3
"Those Eyes",2019,1507,"14",411747614,24,71,120,"Major",35,0,31,3
"El Gordo Trae El Mando",2023,539,"21",255932395,7,71,140,"Minor",80,0,5,5
"Mi Bello Angel",2023,86,"8",31873544,7,76,128,"Minor",77,0,9,5
"Bye",2023,324,"14",95053634,13,110,122,"Major",81,0,10,5
"Danza Kuduro",2010,17138,"37",1279434863,119,81,130,"Major",92,0,5,24
"Nosso Quadro",2023,894,"9",233801632,14,88,160,"Major",71,0,31,20
"Locked Out Of Heaven",2012,1622,"9",1481349984,0,0,144,"Major",70,0,28,5
"Un Finde | CROSSOVER #2",2023,561,"14",142095275,4,14,192,"Major",52,0,28,6
"Jimmy Cooks (feat. 21 Savage)",2022,5871,"27",618885532,81,121,163,"Major",67,0,9,17
"Counting Stars",2013,29215,"43",2011464183,179,97,122,"Minor",71,0,12,4
"Ghost",2021,5866,"24",1167330737,107,38,154,"Major",74,0,40,6
"Under The Influence",2019,3859,"26",929964809,133,181,117,"Minor",69,0,11,4
"PRC",2023,961,"26",436027885,19,143,138,"Minor",83,0,12,5
"Gasolina",2004,6457,"18",657723613,98,95,96,"Major",80,0,8,6
"One Dance",2016,43257,"24",2713922350,433,107,104,"Major",63,0,36,5
"Enchanted",2010,4564,"16",621660989,24,101,164,"Major",62,0,16,3
"Save Your Tears",2020,12688,"13",1591223784,197,115,118,"Major",82,0,50,3
"Sure Thing",2010,13801,"19",950906471,137,125,81,"Minor",60,0,19,10
"Every Breath You Take - Remastered 2003",1983,22439,"19",1593270737,211,74,117,"Major",45,0,7,3
"The Night We Met",2015,18515,"35",1410088830,70,82,174,"Major",37,25,64,4
"We Found Love",2011,36843,"21",1235005533,321,91,128,"Major",77,0,11,4
"When I Was Your Man",2012,2420,"11",1661187319,0,0,145,"Major",27,0,14,4
"Let Me Down Slowly",2018,5897,"19",1374581173,0,0,150,"Minor",55,0,14,3
"Am I Dreaming (Metro Boomin & A$AP Rocky, Roisee)",2023,727,"16",94186466,17,60,90,"Minor",53,0,21,4
"Do I Wanna Know?",2013,33783,"26",1788326445,133,92,85,"Major",53,0,22,3
"Demons",2012,26694,"13",1840364617,65,82,180,"Major",71,0,28,5
"da",2023,356,"16",143573775,35,102,166,"Major",94,0,37,9
"Reminder",2016,6518,"17",684675814,45,85,160,"Major",50,0,16,22
"Shake It Off",2014,21335,"13",1113838873,328,70,160,"Major",80,0,41,16
"Why'd You Only Call Me When You're High?",2013,23389,"29",1267333350,54,70,92,"Major",63,0,8,4
"SNAP",2022,3202,"18",726307468,148,80,170,"Major",64,0,45,6
"Shape of You",2017,32181,"10",3562543890,33,0,96,"Minor",65,0,9,8
"Night Changes",2014,7124,"18",1131090940,60,20,120,"Major",52,0,12,4
"Fin de Semana",2023,592,"14",307370144,11,84,98,"Major",54,0,9,8
"Creep",1992,36724,"7",1271293243,146,72,92,"Major",34,0,12,4
"Car's Outside",2019,794,"10",265882712,38,25,150,"Major",56,0,11,3
"Apocalypse",2017,13091,"17",841749534,61,96,94,"Major",47,46,11,3
"Cheques",2023,67,"8",47956378,7,10,90,"Minor",63,0,27,5
"Pink + White",2016,21574,"30",806397070,112,68,160,"Major",55,0,42,11
"Circles",2019,19664,"16",2132335812,391,73,120,"Major",75,0,9,4
"Just The Way You Are",2010,21106,"13",1641426668,82,0,109,"Major",85,0,9,5
"Take Me To Church",2013,23804,"31",2135158446,187,99,129,"Minor",66,0,12,5
"Bebe Dame",2022,849,"22",367316268,27,129,157,"Major",60,0,7,5
"You Belong With Me (Taylors Ve",2021,2619,"12",350381515,47,90,130,"Major",73,0,9,3
"Titi Me Pregunt",2022,9037,"42",1264310836,124,133,107,"Minor",72,0,13,25
"Better Than Revenge (Taylor's Version)",2023,86,"11",30343206,3,33,146,"Minor",89,0,19,8
"Shut up My Moms Calling",2020,1788,"14",405136812,1,50,139,"Minor",41,0,10,10
"Have You Ever Seen The Rain?",1968,15890,"14",1145727611,71,37,116,"Major",70,0,13,3
"Es un Secreto",2010,492,"36",540654286,4,3,95,"Minor",77,0,7,4
"POLARIS - Remix",2023,773,"33",57312735,20,46,170,"Minor",80,0,37,7
"Ditto",2022,1154,"22",397582059,28,125,134,"Minor",64,0,10,11
"Take On Me",1984,44927,"17",1479115056,34,0,84,"Minor",90,0,9,5
"Annihilate (Spider-Man: Across the Spider-Verse) (Metro Boomin & Swae Lee, Lil Wayne, Offset)",2023,551,"4",86773632,13,46,146,"Minor",48,0,12,6
"Angel Pt 1 (feat. Jimin of BTS, JVKE & Muni Long)",2023,577,"14",133753727,22,18,74,"Minor",67,0,10,28
"Acrs",2023,955,"29",123124076,37,50,144,"Major",48,0,10,12
"AMG",2022,995,"19",463564958,12,117,136,"Minor",73,0,27,10
"Phir Aur Kya Chahiye (From ""Zara Hatke Zara Bachke"")",2023,178,"6",64533040,6,71,100,"Major",55,0,12,4
"S-Class",2023,290,"19",65496046,9,101,105,"Minor",78,0,7,33
"Hits Different",2023,547,"0",68616963,15,15,106,"Major",78,0,30,4
"Chanel",2023,681,"10",161460990,15,92,132,"Major",68,0,9,4
"Self Love (Spider-Man: Across the Spider-Verse) (Metro Boomin & Coi Leray)",2023,332,"5",70106975,18,41,120,"Major",30,0,13,5
"Area Codes",2023,1197,"13",113509496,44,34,155,"Major",39,0,9,49
"Abcdario",2023,262,"5",89933133,8,60,129,"Major",43,0,11,3
"Obsessed",2022,161,"6",71007139,10,79,135,"Minor",74,0,8,9
"Pioman Deo",2023,185,"3",43522589,5,6,98,"Minor",62,0,13,13
"FLOWER",2023,839,"18",232896922,20,110,124,"Minor",39,0,11,4
"All The Way Live (Spider-Man: Across the Spider-Verse) (Metro Boomin & Future, Lil Uzi Vert)",2023,259,"0",37126685,5,17,135,"Minor",55,0,22,15
"Eyes Closed",2023,2915,"30",195576623,116,69,107,"Major",53,0,11,6
"Escapism.",2022,5129,"25",532336353,116,84,96,"Major",74,0,9,11
"La Jumpa",2022,3794,"34",538115192,47,77,123,"Major",70,0,32,19
"Karma (feat. Ice Spice)",2023,588,"0",46142772,23,21,90,"Major",62,0,58,6
"Superhero (Heroes & Villains) [with Future & Chris Brown]",2022,2959,"16",401036314,41,69,117,"Minor",59,0,20,21
"Las Morras",2023,291,"8",127026613,8,78,133,"Minor",84,0,7,4
"CHORRITO PA LAS ANIMAS",2022,2321,"36",345031710,29,65,96,"Minor",83,0,35,6
"Ch y la Pizza",2022,536,"10",288101651,10,72,149,"Major",60,0,14,13
"Snow On The Beach (feat. More Lana Del Rey)",2023,359,"2",60350538,1,0,110,"Minor",40,0,11,3
"Players",2022,4096,"6",335074782,118,48,105,"Major",52,0,5,16
"Bite Me",2023,349,"69",76767396,8,96,105,"Major",78,0,11,14
"Stand By Me (feat. Morgan Wallen)",2023,381,"5",46065667,23,82,134,"Major",58,0,16,3
"Normal",2022,2461,"36",459276435,47,66,170,"Minor",56,0,27,12
"Hummingbird (Metro Boomin & James Blake)",2023,277,"1",39666245,1,20,81,"Major",60,1,25,13
"Seu Brilho Sumiu - Ao Vivo",2023,967,"5",138517666,7,29,154,"Major",92,0,91,5
"Bad Habit",2022,8186,"12",822633917,155,72,169,"Major",51,0,38,4
"CUFF IT",2022,7842,"10",595900742,215,88,115,"Major",69,0,7,14
"Lilith (feat. SUGA of BTS) (Diablo IV Anthem)",2023,215,"6",51985779,6,14,84,"Minor",74,0,19,8
"69",2023,1134,"22",57945987,39,14,93,"Major",62,0,11,23
"Nioa Bo",2023,1305,"34",115010040,29,26,91,"Major",62,0,10,15
"Search & Rescue",2023,2066,"6",175097833,58,70,142,"Minor",44,0,33,7
"AMERICA HAS A PROBLEM (feat. Kendrick Lamar)",2023,896,"0",57089066,34,2,126,"Major",70,0,16,4
"Lavender Haze",2022,3763,"8",488386797,51,43,97,"Major",44,0,16,8
"Link Up (Metro Boomin & Don Toliver, Wizkid feat. BEAM & Toian) - Spider-Verse Remix (Spider-Man: Across the Spider-Verse )",2023,197,"0",32761689,3,10,101,"Major",51,51,26,8
"Efecto",2022,4004,"33",1047480053,34,65,98,"Minor",48,0,6,5
"Erro Gostoso - Ao Vivo",2023,984,"5",153454328,8,57,154,"Major",89,0,80,9
"Cupido",2023,1240,"24",217672943,51,29,120,"Major",58,0,31,22
"Just Wanna Rock",2022,3995,"13",457184829,72,27,150,"Major",55,0,6,3
"Unstoppable",2016,7681,"13",939844851,119,66,174,"Major",78,0,10,8
"Until I Found You",2021,4427,"4",726434358,69,100,202,"Major",51,0,18,4
"Rich Flex",2022,4657,"18",573633020,84,84,153,"Minor",52,0,36,24
"Easy On Me",2021,10195,"20",1406111294,258,87,142,"Major",37,0,13,3
"Cartooo B",2023,269,"4",71573339,7,2,108,"Minor",47,0,20,64
"Danger (Spider) (Offset & JID)",2023,214,"0",24975653,3,3,143,"Major",69,0,23,12
"Oi Balde - Ao Vivo",2023,845,"2",145458418,12,57,108,"Major",67,0,80,5
"The Real Slim Shady",2000,20763,"27",1424589568,81,53,104,"Minor",66,0,4,6
"MERCHO",2022,1267,"20",231332117,41,22,93,"Minor",79,0,18,11
"The Color Violet",2021,2585,"32",415932686,3,79,105,"Minor",53,0,9,5
"Glimpse of Us",2022,6330,"6",988515741,109,42,170,"Major",32,0,14,5
"Mejor Que Yo",2023,675,"1",50847624,9,13,178,"Minor",66,0,12,5
"Curtains",2023,715,"0",39893489,37,3,176,"Minor",76,0,32,5
"UNFORGIVEN (feat. Nile Rodgers)",2023,327,"13",92035115,14,110,104,"Minor",88,0,11,5
"Haegeum",2023,244,"12",118810253,6,84,85,"Major",84,0,47,30
"Conexooes de Moofia (feat. Rich ",2023,385,"4",77233241,17,7,117,"Minor",58,0,26,5
"MIENTRAS ME CURO DEL CORA",2023,1020,"35",206399629,15,26,80,"Major",48,0,15,39
"Never Felt So Alone",2023,1730,"3",117747907,46,5,98,"Major",41,0,38,5
"X SI VOLVEMOS",2023,2127,"33",266624541,45,80,178,"Minor",78,0,11,25
"ceilings",2022,3242,"9",293186992,67,55,148,"Major",33,0,22,3
"Cupid",2023,526,"10",139681964,15,93,120,"Major",66,0,38,3
"I AM",2023,366,"15",123132751,16,102,122,"Minor",88,0,8,5
"Cupid ooo Twin Ver. (FIFTY FIFTY) ooo Spe",1997,472,"2",103762518,0,0,144,"Major",73,0,9,4
"Shorty Party",2023,432,"12",162887075,8,14,96,"Major",47,0,10,36
"Super",2023,271,"12",91221625,16,103,137,"Major",88,0,17,9
"Slut Me Out",2022,816,"4",190490915,21,4,121,"Minor",61,0,53,42
"Double Fantasy (with Future)",2023,1169,"0",96180277,36,65,119,"Minor",57,0,50,3
"All Of The Girls You Loved Before",2019,1282,"6",185240616,26,6,96,"Major",47,0,13,4
"PROVENZA",2022,6587,"34",885093467,114,104,111,"Major",52,1,11,5
"Princess Diana (with Nicki Minaj)",2023,1444,"4",104992946,0,0,148,"Major",68,0,10,19
"Di Que Si",2023,356,"10",147290338,4,64,182,"Major",59,0,6,5
"Shivers",2021,10147,"30",1302184087,234,71,141,"Major",86,0,4,9
"Igualito a Mi Apo",2022,265,"6",158950978,8,84,145,"Minor",81,0,6,9
"Shoong! (feat. LISA of BLACKPINK)",2023,351,"9",76910644,16,90,110,"Minor",70,0,41,6
"Komang",2022,158,"4",137123880,5,6,134,"Major",41,0,10,3
"DESPECHo",2022,7613,"33",782369383,180,90,130,"Major",62,0,6,10
"Made You Look",2022,3956,"6",502574952,142,23,145,"Major",53,0,8,7
"Watch This - ARIZONATEARS Pluggnb Remix",2023,1638,"10",207033255,0,0,130,"Minor",90,10,15,4
"No Se Va",2022,924,"18",404887295,17,80,173,"Major",53,0,23,3
"Punto G",2022,1985,"35",381161027,34,26,92,"Minor",76,0,10,15
"Lovers Rock",2014,6339,"13",466231982,3,1,105,"Minor",87,1,10,4
"METAMORPHOSIS",2021,1561,"24",357580552,18,78,175,"Minor",64,90,12,10
"Mami Chula",2023,875,"4",61105704,17,13,120,"Minor",70,0,9,4
"En Paris",2022,406,"5",198275403,3,31,139,"Minor",48,0,12,5
"Set Me Free Pt.2",2023,340,"13",168448603,4,71,132,"Minor",82,0,12,6
"I Was Never There",2018,4188,"15",705469769,30,70,114,"Major",74,0,17,3
"Don't ever say love me (feat. RM of BTS)",2023,105,"0",34502215,5,9,145,"Minor",48,0,37,5
"Shut Down",2022,1524,"17",482175240,53,120,110,"Major",69,0,18,4
"Gato de Noche",2022,2651,"30",304118600,21,55,94,"Major",66,0,36,16
"Call Out My Name",2018,11087,"6",1449799467,151,107,134,"Major",60,0,33,4
"Like Crazy (English Version)",2023,373,"19",173627354,4,72,120,"Major",76,0,39,4
"Rosa Pastel",2023,200,"4",90025258,8,77,123,"Minor",68,0,11,4
"Sunroof",2021,3741,"17",652704649,156,35,131,"Major",71,0,15,4
"Lose Yourself - Soundtrack Version",2002,32502,"21",1829992958,247,54,171,"Major",73,0,36,26
"Superman",2002,7615,"14",655466831,18,51,130,"Minor",76,0,20,6
"Mas Rica Que Ayer",2023,1208,"34",146409671,10,41,94,"Major",67,0,9,8
"People Pt.2 (feat. IU)",2023,209,"4",95816024,4,45,89,"Minor",57,0,32,6
"REMIX EXCLUSIVO",2023,1235,"9",117206995,20,8,87,"Minor",56,0,15,20
"Arcoongel: Bzrp Music Sessions, Vol",2023,654,"3",100409613,11,3,124,"Minor",78,0,15,30
"DOGTOOTH",2023,1479,"0",80758350,23,0,78,"Major",65,0,22,32
"10:35",2022,4942,"26",325592432,190,104,120,"Major",79,0,18,10
"SORRY NOT SORRY",2023,709,"0",58473276,8,1,96,"Minor",80,0,37,20
"HAPPY",2023,660,"0",52722996,22,7,106,"Major",86,0,12,4
"La Bebe",2021,489,"17",191945597,4,11,170,"Minor",46,0,12,35
"I Know - PR1SVX Edit",2023,407,"0",77377503,16,15,134,"Minor",76,47,30,7
"Late Night Talking",2022,7461,"8",743693613,166,42,115,"Major",73,0,11,5
"Leo",2022,993,"4",267789608,30,84,130,"Major",87,0,30,3
"Save Your Tears (with Ariana Grande) (Remix)",2020,9161,"5",1221813483,240,98,118,"Major",79,0,10,3
"Something in the Orange",2022,3282,"12",449701773,67,84,110,"Major",38,0,12,3
"VOID",2023,596,"0",67070410,29,9,100,"Major",66,4,19,4
"Dijeron Que No La Iba Lograr",2023,320,"6",116334601,5,48,142,"Minor",79,0,11,7
"Midnight Rain",2022,2612,"4",433356509,19,29,140,"Major",37,0,12,7
"If We Ever Broke Up",2023,2040,"4",165584767,81,27,116,"Major",73,0,9,4
"You Proof",2022,2128,"9",367814306,37,88,120,"Major",85,0,61,3
"LA INOCENTE",2022,2598,"37",477033549,28,57,92,"Minor",79,0,7,6
"Malas Decisiones",2022,542,"2",156214700,23,2,110,"Minor",79,0,31,3
"Murder In My Mind",2022,2459,"20",448843705,20,68,120,"Major",97,0,13,11
"Gangsta's Paradise",1995,10624,"17",1357608774,21,0,80,"Major",61,0,56,6
"CAIRO",2022,2418,"26",294352144,52,66,115,"Minor",69,0,9,31
"I Love You So",2014,7536,"7",972164968,44,19,76,"Major",67,0,13,4
"Dark Red",2017,10431,"7",920045682,71,53,172,"Major",78,0,12,6
"Say You Won't Let Go",2016,15722,"16",2420461338,231,37,99,"Major",56,0,9,5
"The Hills",2015,25744,"4",1947371785,122,94,136,"Minor",57,0,14,8
"Heart To Heart",2019,1640,"0",244658767,27,27,150,"Minor",14,35,11,10
"Peaches (from The Super Mario Bros. Movie)",2023,34,"0",68216992,0,0,92,"Minor",31,0,10,5
"Marisola - Remix",2022,1845,"16",223582566,20,8,95,"Major",87,0,7,5
"LOKERA",2022,3301,"30",471819764,72,64,102,"Minor",83,0,10,5
"Low",2022,1911,"0",272377463,23,71,145,"Minor",55,0,16,6
"Numb",2003,20111,"5",1361425037,39,0,110,"Major",86,0,64,4
"Tormenta (feat. Bad Bunny)",2023,1529,"0",149778242,32,18,95,"Major",77,0,38,6
"on the street (with J. Cole)",2023,615,"2",116599790,22,82,94,"Minor",82,0,9,13
"One Thing At A Time",2022,811,"4",148469433,11,58,142,"Major",91,0,26,3
"Miss You",2022,5730,"10",497225336,108,16,145,"Minor",74,0,15,5
"Ainooot Tha",2023,356,"4",88791109,4,20,121,"Minor",80,0,36,3
"Thinkinooo B",2023,604,"6",125917280,22,101,140,"Minor",76,0,12,3
"Private Landing (feat. Justin Bieber & Future)",2023,1190,"0",105062254,29,3,137,"Minor",67,0,11,6
"Everything I Love",2023,579,"0",95623148,11,54,104,"Major",85,0,15,3
"Heaven",2023,1553,"2",144584800,61,6,92,"Major",76,0,33,3
"LET GO",2022,2301,"20",298063749,49,23,146,"Minor",45,0,21,38
"Sial",2023,134,"4",166570053,4,6,120,"Major",43,0,12,4
"I Wrote The Book",2023,430,"0",83021468,15,17,144,"Major",81,0,8,4
"Apna Bana Le (From ""Bhediya"")",2022,86,"0",139836056,11,101,94,"Major",56,0,6,3
"SPIT IN MY FACE!",2022,629,"14",303216294,32,3,94,"Major",79,2,11,6
"PLAYA DEL INGLo",2022,1701,"15",221409663,30,15,113,"Minor",74,0,11,5
"Man Made A Bar (feat. Eric Church)",2023,329,"0",58890931,14,35,148,"Major",76,0,12,3
"Red Ruby Da Sleeze",2023,1168,"0",81419389,45,11,98,"Major",73,0,11,26
"Kahani Suno 2.0",2022,162,"6",156777415,1,10,140,"Major",38,0,10,4
"Nobody Gets Me",2022,2536,"6",284908316,59,100,100,"Major",28,0,18,3
"PERO To",2023,387,"11",93438910,11,15,140,"Major",79,0,11,29
"Hype Boy",2022,892,"17",363472647,20,119,100,"Minor",94,0,29,23
"Bloody Mary",2011,3909,"0",372476382,66,26,100,"Minor",65,0,13,3
"Monotono",2022,3645,"15",380726517,118,34,132,"Minor",70,0,21,5
"ooo98 Braves",2023,282,"0",56533272,6,15,142,"Major",67,0,26,3
"WANDA",2023,888,"22",175399345,11,24,176,"Minor",63,0,21,7
"Thought You Should Know",2022,968,"4",203221468,16,53,140,"Major",70,0,14,3
"In The End",2000,25065,"6",1624165576,63,0,105,"Minor",90,0,32,6
"Zona De Perigo",2022,531,"4",134294498,20,1,135,"Major",77,0,35,3
"Lovezinho",2022,242,"0",70069745,12,2,128,"Minor",59,0,12,4
"I Like You (A Happier Song) (with Doja Cat)",2022,5281,"14",609293408,94,21,101,"Major",69,0,12,7
"Neverita",2022,2590,"30",671365962,20,64,122,"Major",50,0,14,5
"Vista Al Mar",2022,1769,"34",362361576,16,19,105,"Minor",56,12,10,13
"Sem Alianooa no ",2022,454,"4",93587665,6,1,83,"Major",36,0,11,33
"Enemy (with JID) - from the series Arcane League of Legends",2021,6180,"7",1223481149,122,88,77,"Minor",76,0,42,28
"Revenge",2017,3600,"11",1022258230,7,0,140,"Minor",25,0,11,26
"Bombonzinho - Ao Vivo",2022,1254,"6",263453310,26,69,158,"Major",95,0,92,5
"LA CANCIo",2019,6398,"31",1435127549,177,109,176,"Major",65,0,11,32
"Quoo Ago",2022,660,"15",236857112,19,59,98,"Major",57,0,5,2
"Love Again",2023,1283,"0",147538971,57,4,107,"Minor",40,0,11,3
"After Hours",2020,8084,"6",698086140,45,115,109,"Minor",57,1,12,3
"About Damn Time",2022,2332,"2",723894473,0,0,109,"Minor",74,0,34,7
"Born With A Beer In My Hand",2023,203,"0",34450974,5,9,148,"Major",81,0,36,4
"ooooooooooooooooooooo",2020,685,"14",403097450,24,94,158,"Minor",76,0,19,5
"Besos Moja2",2022,2460,"13",309483971,53,7,94,"Minor",73,0,10,6
"Maan Meri Jaan",2022,288,"6",319566866,11,80,96,"Minor",51,0,10,4
"Moscow Mule",2022,4572,"33",909001996,74,113,100,"Minor",67,0,12,3
"My Universe",2021,6127,"13",1061966512,0,0,105,"Major",68,0,14,4
"Devil Donooo",2023,166,"0",32526947,2,10,125,"Major",66,0,9,3
"LLYLM",2023,1838,"0",124988687,105,41,170,"Minor",63,0,19,27
"I'm Not Here To Make Friends",2023,1890,"0",103787664,86,1,115,"Major",90,0,41,6
"TRUSTFALL",2023,2098,"16",134255790,88,24,122,"Major",89,0,15,9
"ANTIFRAGILE",2022,761,"12",301051721,23,95,105,"Minor",80,0,11,8
"Boy's a liar",2022,1225,"0",156338624,27,0,133,"Major",84,0,21,4
"VIBE (feat. Jimin of BTS)",2023,415,"2",152850295,15,40,100,"Major",68,0,26,4
"Shirt",2022,3469,"0",309653982,71,95,120,"Minor",45,3,9,10
"Lift Me Up - From Black Panther: Wakanda Forever - Music From and Inspired By",2022,3311,"0",297328960,129,31,177,"Major",30,0,13,3
"STAR WALKIN' (League of Legends Worlds Anthem)",2022,2616,"0",332506354,113,17,142,"Minor",72,0,9,5
"Sex, Drugs, Etc.",2016,3006,"16",480507035,47,60,144,"Minor",84,1,52,4
"Boy With Luv (feat. Halsey)",2019,4260,"0",1065580332,113,92,120,"Minor",86,0,19,10
"Hey, Mickey!",2016,482,"0",122763672,9,1,135,"Major",51,0,15,6
"Calm Down",2022,4013,"10",445763624,107,44,107,"Major",78,0,12,4
"Jhoome Jo Pathaan",2022,138,"4",1365184,13,78,105,"Major",74,0,33,7
"Escapism. - Sped Up",2022,1368,"0",184308753,12,1,108,"Minor",77,0,9,20
"Space Song",2015,17852,"4",789753877,69,76,147,"Minor",79,13,14,3
"Dreamers [Music from the FIFA World Cup Qatar 2022 Official Soundtrack]",2022,889,"20",323358833,11,78,115,"Major",88,0,44,4
"Te Felicito",2022,4796,"9",606361689,124,66,174,"Major",64,0,8,32
"Muoo",2023,658,"6",120972253,33,7,90,"Minor",71,0,31,8
"TV",2022,3009,"2",338564981,68,89,141,"Minor",25,1,14,4
"I'm Not The Only One",2014,17492,"3",1606986953,136,24,82,"Major",49,0,8,4
"Heather",2020,6170,"7",1301799902,82,1,92,"Major",43,0,32,3
"Besharam Rang (From ""Pathaan"")",2022,130,"4",140187018,21,79,116,"Minor",80,0,15,4
"One Kiss (with Dua Lipa)",2017,27705,"10",1897517891,537,122,124,"Minor",86,0,8,11
"Sugar Rush Ride",2023,359,"0",107642809,12,56,125,"Minor",89,0,17,9
"Pink Venom",2022,1963,"16",551305895,57,119,90,"Major",69,0,27,10
"WAIT FOR U (feat. Drake & Tems)",2022,5491,"14",556585270,128,84,83,"Major",64,0,7,34
"Don't Start Now",2019,27119,"0",2303033973,532,77,124,"Minor",79,0,10,8
"After Dark",2014,1776,"14",646886885,1,9,140,"Major",60,41,8,3
"Eu Gosto Assim - Ao Vivo",2022,1473,"4",222612678,27,64,154,"Major",91,0,72,4
"INDUSTRY BABY (feat. Jack Harlow)",2021,13315,"0",1814349763,300,47,150,"Minor",70,0,5,6
"MIDDLE OF THE NIGHT",2020,4057,"8",872137015,78,21,186,"Minor",61,0,12,5
"Atlantis",2015,3045,"6",571386359,43,53,166,"Minor",48,0,12,3
"PUNTO 40",2022,3006,"12",304079786,54,32,107,"Major",83,4,31,9
"Evoque Prata",2022,852,"0",174006928,14,1,87,"Major",52,0,28,24
"How Do I Say Goodbye",2022,2163,"15",284785823,72,97,82,"Major",64,0,7,7
"Blind",2022,1484,"0",163284000,22,51,114,"Minor",28,0,21,4
"Die For You",2022,1703,"0",246390068,38,45,148,"Major",52,13,29,5
"Doja",2022,4169,"44",482257456,57,44,140,"Major",57,0,40,29
"Gatita",2022,1054,"0",168684524,9,0,101,"Major",81,24,33,6
"Rumble",2022,2849,"0",78489819,39,45,140,"Minor",84,23,6,6
"Niagara Falls (Foot or 2) [with Travis Scott & 21 Savage]",2022,1602,"0",195516622,12,22,88,"Minor",66,0,18,29
"Yonaguni",2021,9644,"28",1260594497,120,86,180,"Major",65,0,14,12
"Super Freaky Girl",2022,4827,"0",428685680,104,17,133,"Major",89,0,31,24
"Running Up That Hill (A Deal With God)",1985,21811,"0",1024858327,117,1,108,"Minor",55,0,6,6
"Dream On",1973,168,"0",838586769,0,0,80,"Minor",43,0,23,3
"Limbo",2022,688,"0",199386237,14,1,75,"Minor",62,6,11,46
"Where Are You Now",2021,10565,"44",972509632,238,122,121,"Minor",64,0,17,10
"WORTH NOTHING",2022,1612,"0",213438580,34,54,140,"Minor",62,0,20,8
"Bad Habits",2020,12755,"8",1555511105,344,97,126,"Minor",90,0,36,3
"KICK BACK",2022,574,"4",210038833,38,101,102,"Major",94,0,9,11
"Evergreen (You Didnooot Deserve Me A",2022,2499,"0",227918678,70,0,82,"Major",34,1,11,4
"Good Days",2020,10426,"2",826623384,133,109,121,"Minor",78,0,72,6
"Levitating (feat. DaBaby)",2020,15894,"8",1802514301,198,13,103,"Minor",83,0,7,6
"Woman",2021,9424,"0",1329090101,202,50,108,"Minor",76,0,12,9
"Shut up My Moms Calling - (Sped Up)",2022,713,"7",181831132,2,4,85,"Minor",47,0,12,10
"Ferrari",2022,7758,"28",462791599,173,79,125,"Minor",69,0,5,5
"You're On Your Own, Kid",2022,2537,"2",348647203,8,18,120,"Major",39,0,13,6
"Kesariya (From ""Brahmastra"")",2022,292,"6",366599607,26,98,94,"Major",57,0,10,3
"Agudo Moogi",1930,323,"0",90598517,4,0,130,"Minor",80,4,7,5
"Payphone",2012,14143,"4",1479264469,56,38,110,"Major",74,0,29,4
"All I Want for Christmas Is You",1994,25653,"0",1449779435,387,132,150,"Major",63,0,7,4
"Last Christmas",1984,22153,"0",1159176109,274,111,107,"Minor",65,0,46,3
"Rockin' Around The Christmas Tree",1958,14994,"0",769213520,191,168,140,"Major",41,0,45,5
"Jingle Bell Rock",1957,10326,"0",741301563,165,99,119,"Major",37,0,6,3
"It's Beginning To Look A Lot Like Christmas",2011,12353,"0",807561936,35,0,93,"Major",23,0,29,3
"Santa Tell Me",2013,9408,"0",834129063,231,106,133,"Major",63,0,30,18
"It's the Most Wonderful Time of the Year",1963,8879,"0",663832097,182,107,202,"Major",60,0,12,4
"Let It Snow! Let It Snow! Let It Snow!",1959,6512,"0",446390129,88,1,134,"Major",24,0,18,4
"Snowman",2017,5140,"0",690104769,85,110,105,"Major",51,0,9,3
"Underneath the Tree",2013,6596,"0",485285717,144,99,160,"Major",81,0,21,5
"Feliz Navidad",1970,3788,"0",520034544,21,3,148,"Major",82,0,34,4
"Holly Jolly Christmas",2011,7655,"0",476244795,5,0,151,"Major",47,0,9,4
"Mistletoe",2011,9577,"0",629173063,195,111,162,"Minor",54,0,9,4
"Sleigh Ride",1963,10114,"0",404664135,114,74,92,"Major",77,0,32,3
"Seek & Destroy",2022,1007,"0",98709329,5,31,152,"Major",65,18,21,7
"Love Language",2022,1127,"0",110849052,16,63,65,"Minor",26,0,13,8
"Happy Xmas (War Is Over)",1971,10829,"0",460492795,130,1,147,"Major",61,0,77,3
"Used (feat. Don Toliver)",2022,1042,"0",94005786,7,29,150,"Minor",69,0,32,9
"A Holly Jolly Christmas - Single Version",1952,7930,"0",395591396,108,120,140,"Major",36,0,15,3
"The Christmas Song (Merry Christmas To You) - Remastered 1999",1946,11500,"0",389771964,140,72,139,"Major",15,0,11,4
"Wonderful Christmastime - Edited Version / Remastered 2011",1979,1685,"0",403939487,1,0,95,"Major",58,0,9,3
"Do They Know It's Christmas? - 1984 Version",1984,14169,"0",481697415,209,30,115,"Major",57,2,27,3
"Ghost in the Machine (feat. Phoebe Bridgers)",2022,1634,"0",110073250,16,20,125,"Major",43,3,11,5
"Special",2022,906,"0",88092256,6,21,76,"Major",20,0,11,5
"Merry Christmas Everyone",1984,1087,"0",351636786,90,35,101,"Minor",87,0,13,3
"Let It Snow! Let It Snow! Let It Snow!",1950,10585,"0",473248298,126,108,143,"Major",32,0,34,6
"SOS",2022,827,"0",73981293,6,18,119,"Minor",66,0,9,23
"Open Arms (feat. Travis Scott)",2022,1420,"4",155653938,13,87,78,"Major",59,1,15,16
"White Christmas",1942,11940,"0",395591396,73,79,96,"Major",25,0,40,3
"Driving Home for Christmas - 2019 Remaster",1986,888,"0",429504768,50,0,180,"Major",58,0,18,4
"Christmas (Baby Please Come Home)",1963,9122,"0",242767149,121,58,126,"Major",76,0,8,5
"Gone Girl",2022,892,"0",65362788,3,17,150,"Major",44,0,15,6
"F2F",2022,989,"0",67540165,5,9,90,"Major",74,0,34,4
"Notice Me",2022,819,"0",62019074,14,22,160,"Major",68,0,11,12
"Merry Christmas",2017,2209,"0",135723538,72,90,114,"Major",94,0,10,4
"It's Beginning to Look a Lot Like Christmas (with Mitchell Ayres & His Orchestra)",1958,6290,"0",295998468,89,39,113,"Major",32,0,15,5
"My Only Wish (This Year)",2000,6952,"0",261116938,115,53,147,"Major",72,0,19,3
"Antidepresan",2022,313,"2",136689549,10,6,100,"Minor",59,0,10,3
"Wild Flower (with youjeen)",2022,353,"2",135611421,2,74,155,"Major",77,0,12,9
"I Hate U",2021,4094,"0",356709897,66,96,107,"Minor",39,0,11,16
"Raindrops (Insane) [with Travis Scott]",2022,880,"0",110649992,3,7,112,"Major",54,0,38,5
"SPIT IN MY FACE!",2022,573,"0",301869854,1,0,166,"Major",57,20,11,7
"Deck The Hall - Remastered 1999",1959,3299,"0",127027715,65,39,107,"Minor",36,0,8,4
"Smoking on my Ex Pack",2022,811,"0",57144458,6,11,81,"Major",68,0,22,38
"Conceited",2022,899,"0",56870689,2,14,150,"Major",46,0,11,7
"Snow On The Beach (feat. Lana Del Rey)",2022,2415,"0",323437194,33,57,110,"Major",32,0,12,4
"Maroon",2022,2304,"0",317726339,12,16,108,"Major",40,0,10,6
"Tubarooo Te",2022,1003,"0",116144341,21,0,130,"Minor",74,0,7,36
"Bejeweled",2022,2699,"0",328207708,39,35,164,"Major",56,0,9,7
"Tarot",2022,2482,"20",608228647,27,77,114,"Minor",68,0,66,4
"You Make It Feel Like Christmas (feat. Blake Shelton)",2005,2577,"0",180577478,108,56,93,"Major",88,0,12,4
"Desesperados",2021,6821,"34",809306935,83,58,90,"Minor",69,0,9,8
"Too Late",2022,714,"0",49262961,0,9,128,"Major",68,0,39,8
"Party",2022,3185,"4",614555082,38,64,97,"Major",80,0,24,9
"Run Rudolph Run - Single Version",1958,8612,"0",245350949,120,30,152,"Minor",71,0,7,8
"Jingle Bells - Remastered 1999",1957,4326,"0",178660459,32,3,175,"Major",34,0,10,5
"Far",2022,680,"0",51641685,2,15,116,"Major",55,0,16,8
"On Time (with John Legend)",2022,398,"0",78139948,2,2,80,"Minor",59,0,44,6
"GAToo",2022,3328,"13",322336177,39,50,93,"Minor",86,0,21,39
"oooabcdefu",2021,7215,"0",1007612429,170,12,122,"Major",54,0,37,5
"Sacrifice",2022,4440,"0",326792833,81,77,122,"Major",79,0,7,10
"Is There Someone Else?",2022,2881,"6",391251368,13,89,135,"Minor",58,0,16,3
"Fingers Crossed",2022,2235,"0",349585590,65,7,109,"Major",47,0,31,5
"Out of Time",2022,3711,"0",339659802,49,88,93,"Minor",74,0,32,5
"Do It To It",2021,12403,"0",674772936,183,63,125,"Minor",81,5,7,9
"We Don't Talk About Bruno",2021,2785,"0",432719968,95,89,206,"Minor",45,0,11,8
"Pepas",2021,14114,"17",1309887447,252,109,130,"Major",77,0,13,3
"How Do I Make You Love Me?",2022,1915,"0",119238316,7,47,121,"Minor",51,0,9,8
"Gasoline",2022,2297,"0",116903579,11,29,123,"Minor",73,0,21,5
"Infinity",2017,4375,"0",888046992,24,0,122,"Minor",67,0,30,4
"Less Than Zero",2022,2800,"0",200660871,18,77,143,"Major",79,0,8,3
"Take My Breath",2021,2597,"0",130655803,17,80,121,"Minor",77,0,26,4
"good 4 u",2021,15563,"6",1887039593,259,55,166,"Minor",66,0,11,18
"Here We Goooo Again (feat. Tyler, the Cr",2022,1420,"0",88103848,7,18,135,"Major",64,0,60,3
"Best Friends",2022,1292,"0",101114984,3,18,87,"Minor",59,0,35,21
"Kiss Me More (feat. SZA)",2021,15867,"0",1575467011,382,65,111,"Major",66,0,13,3
"I Heard You're Married (feat. Lil Wayne)",2022,1178,"0",91656026,9,10,110,"Major",84,0,31,19
"Need To Know",2021,6672,"0",1042568408,125,36,130,"Major",61,0,9,7
"MONTERO (Call Me By Your Name)",2020,12329,"0",1735441776,275,19,179,"Minor",51,0,38,15
"love nwantiti (ah ah ah)",2019,5669,"2",726837877,74,0,93,"Minor",73,0,13,4
"Dawn FM",2022,811,"0",53933526,1,8,78,"Minor",49,0,49,5
"Surface Pressure",2021,1756,"0",267758538,38,48,180,"Major",58,0,4,31
"Starry Eyes",2022,1014,"0",74601456,1,17,86,"Minor",41,0,19,3
"THATS WHAT I WANT",2021,7963,"0",920797189,173,7,88,"Minor",85,0,5,22
"One Right Now (with The Weeknd)",2021,4771,"0",539595276,68,18,97,"Major",78,0,7,5
"Beggin",2017,8559,"0",1367810478,183,64,134,"Minor",80,0,36,5
"Mon Amour - Remix",2020,3221,"2",578207856,67,13,116,"Major",76,0,10,10
"Lo Siento BB:/ (with Bad Bunny & Julieta Venegas)",2021,3423,"26",775542072,61,65,170,"Minor",70,0,9,8
"MONEY",2021,2566,"13",863625566,44,109,140,"Minor",55,0,14,23
"The Motto",2021,9151,"6",656013912,240,107,118,"Minor",76,0,9,4
"Happier Than Ever",2021,8476,"0",1056760045,138,133,65,"Major",24,0,14,4
"Moth To A Flame (with The Weeknd)",2021,7495,"17",611994237,114,172,120,"Minor",67,0,11,4
"traitor",2021,5257,"6",1230855859,85,43,176,"Major",33,0,12,5
"Toxic",2021,1795,"0",582981380,34,23,180,"Minor",61,0,46,36
"drivers license",2021,12685,"3",1858144199,185,61,144,"Major",43,0,10,7
"Malvadoo",2021,648,"1",240684449,14,3,133,"Minor",61,0,14,27
"All Too Well (10 Minute Version) (Taylor's Version) (From The Vault)",2021,4635,"5",583687007,50,49,93,"Major",52,0,9,3
"Donooot Break My",2022,1184,"0",63803529,1,5,122,"Major",62,0,23,3
"Oh My God",2021,4431,"0",466214729,105,7,88,"Major",73,0,3,5
"Entre Nosotros (Remix) [con Nicki Nicole]",2022,759,"3",236940480,32,0,170,"Minor",44,0,37,4
"A Tale By Quincy",2022,733,"0",41924466,0,2,94,"Minor",50,0,10,11
"I AM WOMAN",2021,2795,"0",225259194,45,0,170,"Major",47,0,13,16
"Medallo",2021,2780,"2",393230256,54,21,90,"Minor",70,0,66,8
"It'll Be Okay",2021,1950,"0",287201015,56,8,78,"Major",29,0,9,3
"Softcore",2018,3947,"12",599770206,33,102,94,"Major",58,0,15,3
"Super Gremlin",2021,2551,"0",342779426,52,15,73,"Major",41,0,36,14
"Volvo",2021,5375,"10",673801126,138,24,176,"Major",86,0,7,18
"Todo De Ti",2020,11975,"8",1168642797,188,75,128,"Minor",63,1,10,4
"Love Nwantiti - Remix",2019,2696,"0",540539717,42,2,120,"Major",60,9,5,6
"Smokin Out The Window",2021,4963,"0",383550148,63,40,82,"Major",62,0,35,4
"Meet Me At Our Spot",2020,6734,"0",530511203,47,14,95,"Major",47,0,9,3
"Every Angel is Terrifying",2022,715,"0",37307967,0,1,118,"Major",94,0,4,29
"Tacones Rojos",2021,3047,"9",510876816,77,31,123,"Minor",86,0,14,3
"Peaches (feat. Daniel Caesar & Giveon)",2021,14140,"0",1445941661,231,52,90,"Major",68,0,42,18
"Dakiti",2020,11215,"21",1763363713,189,166,110,"Minor",57,0,11,5
"Tiago PZK: Bzrp Music Sessions, Vol. 48",2021,1678,"12",374191487,20,4,96,"Minor",82,0,10,32
"Looo",2022,2035,"0",108809090,41,122,88,"Minor",55,0,23,11
"Nostool",2021,2780,"2",436695353,86,76,98,"Minor",85,0,24,5
"Better Days (NEIKED x Mae Muller x Polo G)",2021,4091,"0",421040617,105,2,110,"Minor",68,0,14,4
"Life Goes On",2020,2868,"0",501541661,43,15,80,"Major",49,0,12,8
"Sad Girlz Luv Money Remix (feat. Kali Uchis)",2021,3643,"0",354065229,69,3,110,"Minor",53,0,11,6
"Butter",2021,4779,"6",1143647827,180,135,110,"Major",36,0,6,11
"pushin P (feat. Young Thug)",2022,3517,"0",311395144,54,28,78,"Minor",42,1,13,19
"You Right",2021,5073,"0",672656250,83,9,129,"Major",62,0,8,6
"deja vu",2021,7545,"4",1256880657,117,39,181,"Major",60,0,42,9
"Dynamite",2020,8528,"5",1692897992,239,163,114,"Minor",77,0,9,10
"TO THE MOON",2021,2979,"0",245095641,44,0,144,"Major",65,1,11,35
"Lost in the Fire",2019,7731,"2",686734357,110,145,101,"Major",68,0,12,4
"Salimo de Noche",2021,1057,"0",261414174,17,5,84,"Major",63,0,12,5
"Volando - Remix",2021,3272,"19",610045621,101,34,154,"Major",69,0,11,7
"Leave The Door Open",2021,14417,"0",1115880852,237,123,148,"Major",62,0,9,3
"Knife Talk (with 21 Savage ft. Project Pat)",2021,5199,"0",594482982,45,43,146,"Minor",37,0,7,30
"Don't Be Shy",2021,6026,"0",566954746,171,51,120,"Minor",79,0,26,6
"Love Grows (Where My Rosemary Goes)",1970,2877,"0",566954746,16,0,110,"Major",69,0,17,3
"LA FAMA (with The Weeknd)",2021,4640,"3",374706940,81,93,136,"Minor",30,0,13,5
"The Family Madrigal",2021,1150,"0",184937148,20,38,141,"Major",63,0,6,36
"Phantom Regret by Jim",2022,768,"0",31959571,1,1,108,"Minor",48,30,14,4
"Dos Oruguitas",2021,925,"0",167076418,24,47,94,"Major",36,0,9,5
"Freaks",2015,3006,"3",824420218,23,21,180,"Major",94,63,5,5
"Acapulco",2021,3098,"0",363467642,111,5,122,"Major",79,0,16,5
"Daddy Issues",2015,9771,"4",1127468248,42,70,85,"Major",52,15,12,3
"thought i was playing",2022,807,"0",60680939,3,0,148,"Major",73,0,7,7
"ELEVEN",2021,521,"1",247737946,17,89,120,"Major",73,0,5,11
"Mood (feat. Iann Dior)",2020,12854,"0",1699402402,237,27,91,"Minor",72,0,27,4
"What Else Can I Do?",2021,802,"0",154797871,13,27,120,"Major",71,0,10,4
"DANCE CRIP",2021,731,"0",198883004,14,14,106,"Major",79,0,8,9
"Miserable Man",2022,788,"0",124407432,13,0,110,"Major",35,0,29,3
"happier",2021,3069,"4",850608354,25,46,169,"Major",45,0,8,13
"Praise God",2021,4651,"0",376333030,24,6,118,"Major",55,0,26,17
"Get Into It (Yuh)",2021,4999,"0",516784627,43,19,92,"Minor",66,0,9,16
"Before You Go",2019,8327,"24",1608045237,205,130,112,"Major",60,0,9,6
"Sky",2020,3297,"3",506778838,25,3,140,"Major",91,0,13,21
"Rolling in the Deep",2010,35684,"6",1472799873,195,125,105,"Major",76,0,5,3
"Sobrio",2021,3506,"10",513643924,103,76,178,"Major",77,0,15,22
"Peru",2021,2999,"0",261286503,60,17,108,"Minor",42,0,8,9
"favorite crime",2021,3681,"0",783706581,20,21,173,"Major",29,0,34,4
"Thunder",2021,4846,"10",422691058,54,16,101,"Major",90,0,34,6
"The Business",2020,14311,"0",1062345656,255,32,120,"Minor",62,2,11,23
"positions",2020,8207,"0",1252563873,175,55,144,"Major",80,0,9,12
"I WANNA BE YOUR SLAVE",2021,4873,"0",851070493,65,88,133,"Major",61,0,18,4
"Vai Loo Em Casa ",2021,772,"0",263894529,7,3,158,"Minor",83,0,97,28
"The Feels",2021,1150,"0",345903614,20,99,120,"Major",90,0,8,7
"HEARTBREAK ANNIVERSARY",2020,5398,"4",951637566,111,127,129,"Major",46,0,13,5
"No Lie",2016,7370,"0",956865266,92,127,102,"Major",89,0,26,13
"OUT OUT (feat. Charli XCX & Saweetie)",2021,6890,"0",427486004,122,11,124,"Minor",84,0,5,5
"Pope Is a Rockstar",2016,1966,"0",156658366,4,2,90,"Minor",45,24,11,3
"2055",2021,2226,"0",624515457,29,0,161,"Minor",52,0,12,31
"Bored",2017,4204,"0",777765388,39,45,120,"Major",33,0,8,5
"Happier Than Ever - Edit",2021,1959,"0",412795151,19,0,81,"Major",57,0,23,3
"Astronaut In The Ocean",2019,7191,"0",1138474110,146,18,150,"Minor",70,0,15,9
"Ley Seca",2021,2012,"0",355219175,101,12,105,"Major",84,0,13,10
"Every Summertime",2021,1211,"2",290228626,30,2,79,"Major",67,0,6,4
"Talking To The Moon",2010,7109,"2",1062956628,5,0,146,"Minor",61,0,11,3
"you broke me first",2020,6638,"0",1180094974,167,19,124,"Major",37,0,9,5
"The Nights",2014,17354,"8",1456081449,92,122,126,"Major",85,0,24,4
"Take My Breath",2021,6392,"0",432702334,174,73,121,"Major",74,0,11,5
"Way 2 Sexy (with Future & Young Thug)",2021,5481,"0",489945871,144,30,136,"Minor",60,0,32,14
"Coo",2021,2636,"3",465959382,36,82,102,"Minor",63,0,11,5
"Enemy - from the series Arcane League of Legends",2021,824,"0",1223481149,8,8,77,"Major",74,0,41,23
"Dance Monkey",2019,24529,"0",2864791672,533,167,98,"Minor",59,0,18,10
"Lucid Dreams",2017,14749,"0",2288695111,188,34,84,"Minor",48,0,33,24
"Quoo Moo",2021,8087,"0",720825549,92,34,102,"Major",82,0,17,11
"All of Me",2013,27221,"0",2086124197,308,118,120,"Major",26,0,13,3
"Smells Like Teen Spirit - Remastered 2021",1991,49991,"9",1690192927,265,121,117,"Major",91,0,11,7
"Arcade",2019,6646,"0",991336132,107,47,72,"Minor",33,0,14,4
"Fair Trade (with Travis Scott)",2021,5403,"6",593917618,118,116,168,"Major",47,0,22,26
"Bar",2021,755,"4",200972675,22,3,94,"Major",69,0,33,8
"The Rumbling (TV Size)",2022,254,"0",71014967,0,4,145,"Major",88,0,26,5
"family ties (with Kendrick Lamar)",2021,6308,"5",560222750,114,15,134,"Major",61,0,23,33
"Mr. Brightside",2003,51979,"15",1806617704,306,99,148,"Major",93,0,10,8
"Blessed-Cursed",2022,246,"0",77337771,2,12,127,"Minor",89,0,60,6
"AM Remix",2021,6556,"0",528544703,93,5,172,"Minor",66,0,8,16
"Streets",2019,5728,"0",865640097,85,87,90,"Major",46,4,34,8
"Shallow",2018,16636,"12",2159346687,368,155,96,"Major",40,0,26,3
"Polaroid Love",2022,461,"0",211372494,10,56,138,"Minor",67,0,36,4
"Leave Before You Love Me (with Jonas Brothers)",2021,4893,"4",651732901,143,24,120,"Major",72,0,13,4
"Permission to Dance",2021,1801,"2",608334048,77,134,125,"Major",74,0,34,4
"Friday (feat. Mufasa & Hypeman) - Dopamine Re-Edit",2021,12043,"0",863756573,209,54,123,"Major",86,0,30,13
"RAPSTAR",2021,4731,"0",797402345,141,12,81,"Major",54,0,13,24
"'Till I Collapse",2002,22923,"0",1695712020,78,46,171,"Major",85,0,8,20
"Memories",2019,9974,"2",1759567999,272,67,91,"Major",32,0,8,5
"Se Le Ve",2021,1560,"0",223319934,72,0,84,"Minor",76,0,14,11
"25k jacket (feat. Lil Baby)",2022,620,"0",54937991,17,3,115,"Minor",54,0,13,28
"When Iooom Gone (with Katy ",2021,3270,"0",226897599,89,21,125,"Major",89,0,49,3
"Esqueooa-Me Se For C",2021,580,"0",258316038,24,92,122,"Minor",69,0,13,7
"Mioon",2021,3406,"16",596152090,61,23,92,"Major",54,0,29,7
"Soo",2021,903,"0",177129919,30,26,90,"Minor",75,0,11,8
"MAMIII",2022,6809,"28",716591492,151,102,94,"Minor",70,0,14,8
"Still D.R.E.",1999,33966,"0",1210599487,141,78,93,"Major",78,0,6,24
"Stay Alive (Prod. SUGA of BTS)",2022,590,"5",246376690,4,113,130,"Minor",76,0,10,7
"Boyfriend",2022,3766,"0",496311364,76,0,180,"Minor",61,0,19,6
"The Joker And The Queen (feat. Taylor Swift)",2022,1430,"0",146789379,46,1,134,"Major",31,0,28,3
"The Next Episode",1999,31762,"0",843309044,142,40,95,"Minor",89,0,8,25
"Light Switch",2022,4049,"0",500340342,119,6,184,"Major",63,0,9,31
"City of Gods",2022,2096,"0",107255472,34,3,147,"Minor",80,0,32,38
"Brividi",2022,1175,"0",135079152,34,1,123,"Major",60,0,26,3
"Lost",2012,29499,"11",822239726,124,27,123,"Minor",61,0,17,22
"In Da Club",2002,30427,"7",1202722675,235,106,90,"Minor",71,0,7,37
"she's all i wanna be",2022,2711,"0",343197054,105,12,160,"Minor",64,0,12,4
"Ginseng Strip 2002",2013,4310,"0",240769997,13,0,115,"Major",71,0,48,4
"All For Us - from the HBO Original Series Euphoria",2019,5342,"0",426204830,33,123,141,"Major",67,0,34,9
"Notion",2016,2393,"0",421135627,22,13,160,"Major",88,0,8,8
"Formula",2019,3444,"7",554875730,24,85,145,"Major",66,6,15,4
"Mount Everest",2019,5443,"0",467727006,45,1,89,"Minor",43,8,8,22
"Excuses",2020,272,"4",327498031,7,21,95,"Minor",72,0,15,8
"Cigarettes",2021,975,"0",185408548,11,0,160,"Major",62,0,38,4
"Cayoo La Noche (feat. Cruz Cafunoo, Abhir Hathi, Bejo, EL IMA)",2022,1034,"1",245400167,19,5,174,"Minor",75,0,7,30
"California Love - Original Version (Explicit)",1995,18773,"0",579395142,128,17,92,"Major",84,0,38,4
"Forgot About Dre",1999,19067,"0",675039469,78,15,134,"Major",74,0,17,8
"Down Under (feat. Colin Hay)",2021,3541,"2",252871192,57,13,172,"Minor",86,0,28,17
"Mujeriego",2021,1492,"0",231996128,44,63,80,"Major",62,0,8,13
"HUMBLE.",2017,33206,"1",1929770265,284,114,150,"Minor",60,0,9,12
"Stan",1999,17115,"0",918915401,83,63,80,"Minor",74,0,45,21
"Contection",2020,6955,"0",1180896317,65,45,166,"Minor",75,0,29,34
"Swim",2017,2742,"0",498960285,5,1,120,"Major",54,0,8,4
"A Tu Merced",2020,4214,"11",685071800,21,20,92,"Major",79,0,11,6
"Numb Little Bug",2022,2026,"0",258714692,47,3,85,"Minor",52,0,26,9
"212",2022,352,"0",143139338,10,0,154,"Minor",52,0,9,7
"Problemo",2021,1517,"0",209768491,42,7,92,"Minor",74,0,14,6
"Bussin",2022,847,"0",64714573,25,0,140,"Major",70,0,13,5
"Worst Day",2022,910,"0",50746620,20,3,89,"Major",60,0,10,40
"Malvada",2022,601,"0",154119539,28,73,135,"Minor",86,0,8,5
"Hrs and Hrs",2021,1800,"0",181328253,43,36,140,"Minor",53,0,11,18
"Alien Blues",2015,1930,"0",370068639,3,0,82,"Major",76,91,9,3
"Thinking Out Loud",2014,33032,"0",2280566092,363,129,79,"Major",45,0,18,3
"Still Don't Know My Name",2019,6332,"0",563902868,47,116,88,"Major",63,27,21,12
"Christmas Tree",2021,509,"9",317622165,8,106,139,"Major",38,0,12,4
"Mal Feito - Ao Vivo",2022,971,"2",291709698,35,104,124,"Minor",83,0,90,7
"When I R.I.P.",2019,2578,"0",203680270,8,67,80,"Minor",55,0,9,21
"Do We Have A Problem?",2022,1064,"0",81350745,42,1,120,"Minor",51,0,12,40
"Forever",2019,3618,"0",282883169,21,86,80,"Minor",46,72,11,3
"Gospel (with Eminem)",2022,1040,"0",64787943,8,0,117,"Major",86,0,24,24
"Seooo",2019,15010,"2",2484812918,453,50,117,"Minor",52,0,8,3
"NEW MAGIC WAND",2019,4708,"0",461437791,13,7,140,"Minor",73,0,67,11
"Adore You",2019,13454,"1",1439191367,246,71,99,"Major",77,0,10,5
"La Santa",2020,4890,"20",759208783,52,42,93,"Major",87,0,8,5
"Something In The Way - Remastered 2021",1991,9514,"0",368646862,45,27,106,"Major",20,42,11,3
"Sweetest Pie",2022,3501,"0",299634472,69,2,124,"Major",63,0,10,22
"Bam Bam (feat. Ed Sheeran)",2022,6111,"4",756907987,185,40,95,"Major",70,0,33,4
"Una Noche en Medello",2022,5415,"32",682475162,46,16,96,"Minor",53,0,5,8
"Envolver",2021,4673,"2",546191065,123,113,92,"Minor",73,0,9,8
"Starlight",2022,1856,"3",229473310,29,40,124,"Major",37,0,10,28
"Hati-Hati di Jalan",2022,200,"2",202677468,12,4,72,"Major",44,9,12,4
"I'm Tired - From ""Euphoria"" An Original HBO Series",2022,1888,"0",121913181,26,1,71,"Minor",20,0,30,3
"DANooA",2022,911,"2",208166039,45,0,135,"Minor",57,0,10,8
"Yo Voy (feat. Daddy Yankee)",2004,2954,"2",527033089,18,82,95,"Major",70,0,5,24
"Residente: Bzrp Music Sessions, Vol. 49",2022,461,"0",94616487,7,11,71,"Minor",74,0,11,40
"Jordan",2021,2844,"2",394030335,29,2,180,"Minor",68,0,10,37
"Nail Tech",2022,2939,"0",193443895,42,0,150,"Minor",58,0,12,9
"Chale",2022,695,"11",299648208,16,41,189,"Major",44,0,7,4
"DARARI",2022,328,"0",182978249,10,21,85,"Major",64,0,7,4
"Ya No Somos Ni Seremos",2022,866,"16",319757142,27,84,140,"Major",45,0,34,3
"Thinking with My Dick",2013,1550,"0",109091573,0,0,81,"Major",70,0,17,20
"Freaky Deaky",2022,1729,"0",153240879,26,1,104,"Minor",65,0,9,4
"this is what falling in love feels like",2021,2005,"0",346127840,16,5,129,"Major",44,0,8,6
"La Zona",2020,1188,"0",312622938,13,1,94,"Minor",80,0,25,4
"Bohemian Rhapsody - Remastered 2011",1975,40112,"3",2197010679,321,162,71,"Minor",40,0,30,5
"Hope",2018,3659,"0",1200808494,11,10,146,"Minor",46,0,15,6
"Levitating",2020,9833,"0",797196073,233,82,103,"Minor",88,0,29,8
"Wake Me Up - Radio Edit",2013,50887,"34",1970673297,315,160,124,"Major",78,0,16,5
"jealousy, jealousy",2021,3257,"0",665765558,10,0,164,"Minor",58,0,7,13
"Monooy so",2021,1473,"0",263779030,2,0,138,"Major",57,0,10,9
"Demasiadas Mujeres",2020,2226,"0",339473453,36,2,126,"Minor",46,0,10,39
"Something Just Like This",2017,23375,"21",2204080728,336,188,103,"Minor",65,0,17,4
"Closer",2016,28032,"0",2591224264,315,159,95,"Major",52,0,11,3
"O.O",2022,290,"0",135444283,9,66,200,"Minor",77,0,6,29
"Somebody That I Used To Know",2011,42798,"0",1457139296,217,136,129,"Major",52,0,10,4
"Tom's Diner",2019,2605,"0",236872197,15,48,98,"Minor",43,0,36,14
"First Class",2022,8737,"0",694525298,163,32,107,"Major",56,0,11,10
"Plan A",2022,1105,"0",240661097,32,0,174,"Major",83,0,7,4
"Fuera del mercado",2022,2499,"21",421365166,68,24,92,"Major",67,0,13,14
"X ooLTIMA",2022,2697,"1",349746291,55,3,90,"Major",83,0,11,5
"When You're Gone",2022,2092,"0",255120451,75,11,147,"Major",69,0,58,4
"In My Head",2022,1185,"0",190981339,21,0,143,"Major",55,0,10,12
"Wait a Minute!",2015,11985,"0",924193303,79,80,101,"Minor",71,0,10,3
"LOVE DIVE",2022,753,"8",305771063,28,124,118,"Minor",71,0,33,4
"Pantysito",2022,2995,"0",273005485,49,17,98,"Minor",74,0,16,6
"Chance",2022,225,"0",89566512,11,0,138,"Minor",46,0,9,6
"Cool for the Summer",2015,9243,"0",677389855,155,5,114,"Minor",62,0,8,4
"psychofreak (feat. WILLOW)",2022,918,"0",75476209,24,0,180,"Minor",64,0,9,8
"Angel Baby",2021,1959,"9",408843328,52,25,145,"Major",57,0,13,3
"Vampiro",2022,540,"4",187772591,26,3,115,"Minor",64,0,7,4
"Si Quieren Frontear",2022,859,"0",178512385,14,0,82,"Major",84,0,21,23
"Right On",2022,1116,"0",101780047,31,9,166,"Major",61,0,10,34
"Me Arrepento",2022,273,"2",118381354,12,2,92,"Major",79,0,60,16
"That's Hilarious",2022,686,"2",146363130,11,6,108,"Major",44,0,11,6
"Soy El Unico",2022,226,"0",126443991,5,0,84,"Minor",45,0,11,3
"RUMBATo",2022,1264,"0",157990698,20,4,95,"Minor",91,0,35,4
"sentaDONA (Remix) s2",2022,870,"0",176290831,32,0,135,"Minor",45,0,13,27
"Falling",2019,7556,"0",1023187129,124,24,110,"Major",27,0,9,3
"Sigue",1996,1370,"0",106933107,46,8,88,"Major",64,0,19,7
"Fim de Semana no Rio",2022,315,"2",139193812,27,2,119,"Minor",50,0,10,10
"MANIAC",2022,651,"0",212234990,6,188,120,"Major",80,0,7,41
"There's Nothing Holdin' Me Back",2016,12382,"0",1714490998,229,57,122,"Major",80,0,9,6
"IDGAF (with blackbear)",2022,625,"0",197643795,10,2,98,"Major",75,0,27,8
"Golden",2019,8429,"1",807015863,85,24,140,"Minor",84,0,13,6
"Get Lucky - Radio Edit",2013,52898,"0",933815613,203,1,116,"Minor",81,0,10,4
"Ain't Shit",2021,3436,"0",499710590,32,6,124,"Major",49,0,35,21
"Nobody Like U - From ""Turning Red""",2022,918,"0",120847157,34,39,105,"Minor",72,0,9,15
"Still Life",2022,181,"0",53909146,16,14,118,"Major",58,0,6,3
"Photograph",2014,18778,"3",2236667932,228,105,108,"Major",38,0,10,5
"Love Yourself",2015,22730,"5",2123309722,289,87,100,"Major",38,0,28,44
"N95",2022,5542,"0",301242089,52,16,140,"Minor",66,0,12,14
"About Damn Time",2022,9021,"0",723894473,242,49,109,"Minor",74,0,34,7
"Die Hard",2022,4627,"0",237351106,38,13,101,"Minor",74,0,17,27
"Despuoos de la P",2022,2229,"0",461558540,27,44,78,"Major",90,0,18,31
"Un Ratito",2022,1112,"6",417230415,7,30,93,"Minor",55,0,12,5
"United In Grief",2022,2575,"0",156898322,4,5,87,"Major",83,0,17,43
"Father Time (feat. Sampha)",2022,3107,"0",127309180,4,0,153,"Minor",78,0,11,35
"Yo No Soy Celoso",2022,1179,"0",313113297,7,21,142,"Major",59,0,17,5
"Rich Spirit",2022,3486,"0",173702135,20,10,96,"Minor",43,0,12,21
"Cooped Up (with Roddy Ricch)",2022,2942,"0",271666301,42,28,125,"Major",78,0,11,33
"Me Fui de Vacaciones",2022,1443,"0",305650299,9,11,85,"Major",65,0,9,5
"Silent Hill",2022,3028,"0",123216717,22,0,140,"Minor",57,0,14,9
"La Corriente",2022,1796,"8",479655659,8,25,196,"Minor",79,0,22,20
"Count Me Out",2022,2729,"0",126191104,3,7,134,"Major",43,0,14,9
"Andrea",2022,1195,"0",344055883,8,30,103,"Minor",62,0,10,38
"Dos Mil 16",2022,892,"3",338422004,10,24,130,"Major",67,0,13,5
"We Cry Together",2022,1635,"0",68895644,4,1,108,"Major",69,0,8,36
"Savior",2022,2291,"0",86176890,9,0,123,"Major",71,0,32,46
"Un Coco",2022,1029,"28",403231558,5,28,152,"Major",69,0,18,6
"Otro Atardecer",2022,1681,"7",319546754,10,30,108,"Major",60,0,7,4
"Worldwide Steppers",2022,1480,"0",61739839,1,0,72,"Minor",47,0,8,36
"Aguacero",2022,829,"0",283359161,4,15,121,"Minor",65,0,35,7
"Purple Hearts",2022,2308,"0",76831876,7,0,138,"Minor",82,0,15,29
"Un Verano Sin Ti",2022,1004,"1",283332261,8,12,188,"Minor",50,0,12,6
"ULTRA SOLO",2022,1367,"0",307752576,48,4,110,"Major",85,0,11,21
"Ensooooame ",2022,1112,"3",279737940,7,25,105,"Major",79,0,47,8
"El Apago",2022,1209,"0",212351890,9,7,118,"Major",70,0,9,31
"Callaita",2019,9539,"15",1304313953,162,116,176,"Major",62,0,24,31
"Dua Lipa",2022,1992,"0",150500965,35,0,158,"Major",65,10,11,8
"Agosto",2022,897,"0",246127838,6,20,115,"Minor",58,0,49,12
"House Of Memories",2016,2948,"0",582863434,10,2,110,"Minor",82,0,5,3
"Mr. Morale",2022,1860,"0",58687425,1,0,174,"Major",54,0,34,32
"That That (prod. & feat. SUGA of BTS)",2022,802,"0",212109195,16,81,130,"Major",96,0,3,9
"In The Stars",2022,2224,"8",382199619,48,40,78,"Major",54,0,14,5
"Rich - Interlude",2022,1103,"0",41210087,0,0,104,"Major",42,0,9,9
"SUPERMODEL",2022,2265,"0",231657891,93,12,121,"Major",88,0,12,6
"Stefania (Kalush Orchestra)",2022,555,"0",53729194,10,4,105,"Major",82,0,12,4
"Thousand Miles",2022,2050,"0",244741137,52,9,81,"Major",66,0,9,8
"Crown",2022,1493,"0",42485571,2,0,170,"Minor",24,0,11,4
"Auntie Diaries",2022,1545,"0",37778188,1,0,78,"Major",38,1,48,38
"PUFFIN ON ZOOTIEZ",2022,2350,"0",254218729,28,42,125,"Major",66,0,13,31
"Mirror",2022,1929,"0",53603447,2,0,92,"Minor",65,0,8,7
"Beautiful Girl",2022,710,"4",160035717,16,11,140,"Minor",42,0,9,9
"Paulo Londra: Bzrp Music Sessions, Vol. 23",2022,928,"0",164163229,19,0,96,"Major",90,0,10,9
"Savior - Interlude",2022,1194,"0",37091576,0,0,118,"Minor",43,0,19,19
"Pasoori",2022,349,"6",284249832,10,22,92,"Minor",60,0,6,4
"Mother I Sober (feat. Beth Gibbons of Portishead)",2022,1890,"0",33381454,3,0,140,"Minor",37,0,11,35
"TUS LooGR",2022,1308,"2",184622518,23,16,174,"Major",71,0,11,25
"Where Did You Go?",2022,4531,"0",300983101,135,74,127,"Major",78,0,29,4
"I Tried to Tell Y'all",2022,1657,"0",121077868,15,3,96,"Major",52,0,11,36
"Honest (feat. Don Toliver)",2022,1351,"0",106919680,26,1,150,"Minor",66,0,11,6
"ZOOM",2022,608,"0",136996305,5,29,100,"Major",60,0,13,16
"SloMo",2021,1211,"0",65719930,31,0,105,"Minor",81,0,9,6
"FEARLESS",2022,629,"0",229497852,18,75,104,"Major",62,0,13,14
"10 Things I Hate About You",2022,1301,"0",185550869,23,1,154,"Major",79,0,17,5
"SPACE MAN",2022,1329,"0",54682594,42,51,80,"Major",83,0,10,5
"With you",2022,343,"2",240580042,4,35,150,"Major",43,0,13,3
"Iris",1998,13101,"9",1284942608,137,5,156,"Minor",72,0,9,4
"The Heart Part 5",2022,2939,"0",71423324,29,0,98,"Minor",81,0,6,34
"San Lucas",2019,407,"1",244891912,5,0,92,"Major",36,0,9,3
"This Love (Taylorooos Ve",2022,1492,"0",132171975,26,2,144,"Major",50,0,7,4
"Good Looking",2017,2264,"0",184706613,11,6,150,"Major",56,0,13,3
"Flowers",2021,801,"0",184826429,42,9,138,"Major",44,0,9,39
"Yet To Come",2022,829,"0",302006641,32,110,172,"Major",89,0,33,19
"Run BTS",2022,736,"0",330881149,5,132,77,"Major",82,0,4,17
"Music For a Sushi Restaurant",2022,4449,"1",334733572,80,11,107,"Major",72,6,11,4
"Matilda",2022,3218,"3",366214458,29,10,114,"Major",29,0,10,4
"For Youth",2022,327,"0",114546317,5,40,117,"Major",51,0,25,4
"Daylight",2022,2775,"0",290833204,21,11,146,"Major",45,0,18,4
"Vegas (From the Original Motion Picture Soundtrack ELVIS)",2022,4576,"0",448500832,79,13,160,"Minor",60,0,14,26
"Cash In Cash Out",2022,2313,"0",136676504,34,0,120,"Major",56,0,8,6
"Potion (with Dua Lipa & Young Thug)",2022,3983,"0",190625045,73,45,100,"Minor",70,0,8,5
"Born Singer",2022,279,"0",79095270,0,18,158,"Minor",84,0,24,11
"Little Freak",2022,2302,"0",273194684,20,3,142,"Major",54,0,10,4
"La Llevo Al Cielo (Ft. ooengo F",2022,3559,"3",333146475,36,1,170,"Minor",85,0,17,14
"True Love",2022,2129,"0",194902696,23,1,84,"Minor",86,0,51,25
"Satellite",2022,3291,"5",311482393,43,28,139,"Major",46,0,9,3
"Pass The Dutchie",1982,5328,"0",195918494,54,76,151,"Major",67,0,32,5
"Villano Antillano: Bzrp Music Sessions, Vol. 51",2022,1401,"0",248511839,26,16,128,"Minor",75,0,63,6
"Love Of My Life",2022,1933,"0",233671263,13,2,118,"Major",54,0,6,5
"Grapejuice",2022,1986,"0",199587884,7,1,183,"Major",72,14,20,3
"So Good",2022,1057,"0",91781263,51,14,83,"Minor",62,0,18,4
"Belly Dancer",2022,5115,"13",383835984,109,38,122,"Major",80,0,17,14
"Keep Driving",2022,2094,"1",236060709,8,1,165,"Major",48,0,18,23
"Cinema",2022,2171,"0",189236868,18,1,106,"Minor",64,5,9,4
"Die Young (feat. 347aidan)",2022,896,"0",160845341,19,0,77,"Major",58,0,11,34
"Only Love Can Hurt Like This",2014,5148,"0",588955257,90,22,91,"Major",89,0,33,8
"Hold My Hand",2022,2528,"0",238350348,63,8,148,"Major",63,0,41,3
"Daydreaming",2022,1900,"1",187703102,15,1,114,"Minor",81,2,13,3
"Numb",2022,3879,"2",295307001,107,76,120,"Minor",77,1,10,5
"Nos Comemos (feat. Ozuna)",2022,896,"0",138334433,0,0,92,"Major",82,0,9,5
"Me and Your Mama",2016,8775,"0",445590495,33,60,118,"Major",45,3,7,3
"Crazy What Love Can Do",2022,5290,"0",286739476,139,73,123,"Minor",71,0,16,4
"SLOW DANCING IN THE DARK",2018,10211,"0",1122364376,38,79,89,"Major",48,1,19,3
"Antes de Perderte",2022,584,"8",157136970,12,1,110,"Minor",93,0,12,11
"Boyfriends",2022,1517,"0",137070925,26,2,118,"Major",20,0,11,4
"295",2021,246,"4",183273246,4,106,90,"Minor",76,0,11,20
"Tak Ingin Usai",2022,220,"4",184807630,16,5,130,"Major",40,0,11,3
"En El Radio Un Cochinero",2022,514,"0",164856284,5,36,154,"Minor",62,0,10,4
"Master of Puppets (Remastered)",1986,6080,"0",704171068,112,198,105,"Minor",83,44,20,4
"BREAK MY SOUL",2022,9724,"0",354614964,222,61,115,"Minor",88,0,26,8
"ULTRA SOLO REMIX",2022,2341,"0",279717388,37,2,110,"Major",82,0,6,8
"Massive",2022,5263,"0",195628667,66,89,125,"Minor",68,2,15,6
"Betty (Get Money)",2022,2402,"0",221752937,45,2,102,"Major",75,0,34,8
"Ojos Marrones",2022,795,"11",263280370,26,18,120,"Minor",65,0,14,4
"POP!",2022,571,"0",213505179,19,21,97,"Major",86,0,3,5
"Layla",2022,832,"3",130419412,18,124,140,"Minor",92,0,44,7
"MORE",2022,565,"0",155795783,6,52,97,"Major",72,0,11,4
"Sweet Child O' Mine",1987,41231,"1",1553497987,228,151,125,"Major",90,11,10,5
"Last Last",2022,4526,"12",293466523,156,275,88,"Minor",56,0,8,9
"SNAP",2022,1818,"0",711366595,3,0,170,"Major",64,0,45,7
"Sticky",2022,2814,"0",191448892,38,105,137,"Minor",49,0,9,14
"Hot Shit (feat. Ye & Lil Durk)",2022,1601,"0",85924992,11,0,157,"Major",69,0,8,23
"Ai Preto",2022,894,"4",176103902,28,0,130,"Major",57,0,10,25
"La Loto",2022,945,"0",121189256,49,3,90,"Major",83,0,8,11
"die first",2022,767,"0",131746175,25,0,183,"Minor",67,0,12,13
"Afraid To Feel",2022,5898,"5",244790012,129,55,128,"Major",91,0,27,11
"Baile no Morro",2022,685,"2",129314708,17,0,130,"Minor",40,0,7,45
"coomo dormi",2022,1452,"35",331511413,16,15,126,"Major",43,0,12,23
"Bad Decisions (with BTS & Snoop Dogg)",2022,1456,"0",219196651,53,2,120,"Major",87,0,23,12
"STAYING ALIVE (feat. Drake & Lil Baby)",2022,2107,"0",170732845,51,1,130,"Minor",46,0,28,8
"Caile",2020,1494,"2",273914335,17,12,122,"Major",76,0,9,45
"Si Te La Encuentras Por Aho",2022,1379,"4",179061440,23,10,172,"Minor",58,0,13,8
"GIVENCHY",2022,625,"4",185236961,13,18,103,"Major",62,0,23,40
"ALIEN SUPERSTAR",2022,2688,"0",171788484,39,47,122,"Minor",64,0,17,10
"Mary On A Cross",2019,2668,"2",387080183,38,266,130,"Major",90,0,10,4
"Attention",2022,799,"12",264717480,14,141,105,"Minor",65,0,8,4
"THE SHADE",2022,1189,"6",244928911,17,10,120,"Major",51,0,9,6
"Come Back Home - From ""Purple Hearts""",2022,367,"0",97610446,28,67,145,"Major",53,0,12,4
"El Rescate",2022,527,"4",287278853,10,43,99,"Minor",59,0,11,14
"Heartless",2008,17504,"34",887906111,63,39,88,"Minor",65,0,25,14
"Stay With Me (with Justin Timberlake, Halsey, & Pharrell)",2022,3113,"0",123473120,54,6,126,"Major",73,0,29,4
"Siempre Pendientes",2022,685,"5",295152154,15,79,136,"Major",75,1,13,4
"JGL",2022,782,"9",323455692,15,33,113,"Major",59,0,27,12
"Don't You Worry",2022,2442,"0",240918092,81,4,132,"Major",88,0,21,3
"Pipoco",2022,1112,"4",191873381,22,2,135,"Major",74,0,34,8
"Hold Me Closer",2017,4967,"0",284216603,165,10,126,"Major",77,0,19,11
"Forget Me",2022,2520,"4",239411309,93,95,102,"Minor",74,0,36,4
"After LIKE",2022,767,"12",265548837,20,129,125,"Major",92,0,9,12
"Bound 2",2013,19806,"7",703301727,33,11,149,"Major",66,0,9,5
"B.O.T.A. (Baddest Of Them All) - Edit",2022,5153,"6",244585109,102,53,137,"Major",89,61,15,5
"Talk that Talk",2022,615,"0",189476119,14,77,120,"Minor",91,0,33,12
"BILLIE EILISH.",2022,2537,"0",277132266,49,1,100,"Major",50,0,9,26
"Ferxxo 100",2022,1647,"30",278920007,20,49,164,"Minor",57,0,15,7
"KU LO SA - A COLORS SHOW",2022,2019,"8",222410722,117,72,93,"Minor",66,0,22,7
"Prohibidox",2022,1473,"12",185392587,25,36,180,"Minor",80,0,6,25
"Static",2022,1613,"0",202452860,21,15,79,"Major",31,63,10,7
"The Scientist",2002,30992,"6",1608164312,124,25,146,"Major",44,0,11,2
"Sparks",2000,10826,"4",624101957,24,0,103,"Major",27,5,10,3
"Talk",2022,920,"0",148461629,10,1,140,"Minor",76,0,54,23
"XQ Te Pones Aso",2022,308,"0",47093942,6,1,92,"Major",70,0,15,7
"Selfish",2016,2468,"0",380319238,15,0,102,"Minor",60,0,19,4
"Sin Seoo",2022,1097,"2",209106362,18,10,118,"Minor",85,1,11,4
"Lady Mi Amor",2022,330,"0",53987404,3,0,93,"Major",62,0,15,6
"Poland",2022,1584,"0",115331792,38,0,150,"Minor",56,83,11,5
"THE LONELIEST",2022,1585,"5",225093344,78,65,130,"Major",60,0,8,3
"Bye Bye",2022,766,"0",84697729,16,0,83,"Minor",53,0,51,4
"BABY OTAKU",2022,836,"0",159240673,14,1,102,"Major",75,0,6,8
"Nxde",2022,430,"6",170709584,14,116,136,"Minor",91,0,48,18
"Miss You",1982,2020,"0",154356956,77,10,145,"Major",58,0,19,5
"we fell in love in october",2018,6858,"0",723043854,31,21,130,"Major",37,18,16,3
"2 Be Loved (Am I Ready)",2022,3682,"6",247689123,41,0,156,"Major",77,0,8,11
"Celestial",2022,1639,"0",176474912,86,14,123,"Major",85,0,16,4
"Typa Girl",2022,452,"10",235549288,2,129,132,"Major",62,0,63,10
"I Really Want to Stay at Your House",2020,668,"1",140430339,0,0,125,"Minor",74,0,9,4
"California Breeze",2022,991,"0",85559365,36,38,162,"Minor",67,0,11,46
"Bamba (feat. Aitch & BIA)",2022,869,"7",146223492,14,12,138,"Major",81,0,13,36
"Casei Com a Putaria",2022,648,"4",187701588,0,0,161,"Minor",60,0,5,44
"Major Distribution",2022,1545,"0",154863153,22,7,131,"Minor",55,0,7,32
"Pussy & Millions (feat. Travis Scott)",2022,1930,"0",191333656,24,8,122,"Minor",63,0,35,12
"Vigilante Shit",2022,1948,"0",253650850,12,9,80,"Minor",28,0,12,39
"Question...?",2022,1608,"0",223064273,10,3,109,"Major",50,0,30,17
"On BS",2022,1338,"0",170413877,9,20,158,"Major",36,0,39,59
"Mastermind",2022,1936,"0",218320587,7,5,126,"Major",35,0,9,14
"Circo Loco",2022,1794,"0",141720999,26,9,104,"Major",61,0,32,7
"Labyrinth",2022,1597,"0",187339835,6,3,110,"Major",31,22,12,4
"Spin Bout U",2022,1652,"2",198365537,26,52,130,"Major",70,0,16,5
"Sweet Nothing",2022,1747,"0",186104310,9,6,177,"Major",16,0,12,5
"Would've, Could've, Should've",2022,1715,"0",177503916,4,5,158,"Major",84,0,15,12
"Con La Brisa",2022,486,"0",71095708,8,1,114,"Minor",44,33,14,3
"Privileged Rappers",2022,1007,"0",112436403,6,5,144,"Major",61,0,12,20
"The Astronaut",2022,481,"9",203436468,10,100,125,"Major",76,0,14,3
"BackOutsideBoyz",2022,1045,"0",93367537,8,5,142,"Minor",43,0,39,32
"Broke Boys",2022,1060,"0",106249219,3,8,120,"Major",53,0,25,27
"The Great War",2022,1274,"0",181382590,1,6,96,"Major",74,0,8,4
"My Mind & Me",2022,953,"0",91473363,61,13,144,"Major",39,0,8,3
"Bigger Than The Whole Sky",2022,1180,"0",121871870,4,0,166,"Major",24,1,12,6
"A Veces (feat. Feid)",2022,573,"0",73513683,2,0,92,"Major",67,0,8,6
"En La De Ella",2022,1320,"0",133895612,29,26,97,"Major",77,0,12,5
"Alone",2022,782,"2",96007391,27,18,90,"Minor",67,0,11,5
